{"cameraMode":{"drawMode":0,"name":"Shaded","section":"Shading Mode"},"sceneLighting":true,"audioPlay":false,"sceneViewState":{"showFog":true,"showMaterialUpdate":false,"showSkybox":true,"showFlares":false,"showImageEffects":true,"showParticleSystems":true},"in2DMode":false,"pivot":{"x":0.26999998092651369,"y":0.44128936529159548,"z":-3.266719341278076},"rotation":{"x":0.06544787436723709,"y":0.15587764978408814,"z":-0.010351786389946938,"w":0.9855514168739319},"size":9.542853355407715,"orthographic":false}